{"cameraMode":{"drawMode":0,"name":"Shaded","section":"Shading Mode"},"sceneLighting":true,"audioPlay":false,"sceneViewState":{"showFog":true,"showMaterialUpdate":false,"showSkybox":true,"showFlares":true,"showImageEffects":true,"showParticleSystems":true},"in2DMode":false,"pivot":{"x":0.941986083984375,"y":-0.8361101150512695,"z":1.0504642724990845},"rotation":{"x":-0.24204882979393006,"y":-0.016638653352856637,"z":0.00414549233391881,"w":-0.9701605439186096},"size":20.302797317504884,"orthographic":true}